"clanId","tag","name","homepage","game","hidden","mapregion"
1,Heavy Is ,Heavy,"",tf,0,""
2,/¬Ø,¬Ø,"",tf,0,""
3,_Pulse_,Pulse_,"",tf,0,""
4,[TFS],TFS,"",tf,0,""
5,ah|,ah,"",tf,0,""
6,(Nephew),Nephew,"",tf,0,""
7,( + ), + ,"",tf,0,""
8,_Sweden_,Sweden_,"",tf,0,""
9,_xxx_,xxx_,"",tf,0,""
10,_”æ”æ”æ_,”æ”æ”æ_,"",tf,0,""
11,_XXX_God_,XXX_God_,"",tf,0,""
12,*live*,live,"",tf,0,""
13,THG |,THG ,"",tf,0,""
14,_WANSHOT_,WANSHOT_,"",tf,0,""
15,Fire |,Fire ,"",tf,0,""
16,[     ],     ,"",tf,0,""
17,{Arp},Arp,"",tf,0,""
18,|SANE|,SANE,"",tf,0,""
19,(Yo),Yo,"",tf,0,""
20,/merc,merc,"",tf,0,""
21,(Tyler),Tyler,"",tf,0,""
22,{‚ô°},‚ô°,"",tf,0,""
23,(Voice),Voice,"",tf,0,""
24,"46e |","46e ","",tf,0,""
25,(kain),kain,"",tf,0,""
26,St |,St ,"",tf,0,""
27,BU|,BU,"",tf,0,""
28,[‚úØ],‚úØ,"",tf,0,""
29,[442],"442","",tf,0,""
30,***,*,"",tf,0,""
31,[U.VIS],U.VIS,"",tf,0,""
32,/blve99,blve99,"",tf,0,""
33,NeeK |,NeeK ,"",tf,0,""
34,[MPC],MPC,"",tf,0,""
35,[PT],PT,"",tf,0,""
36,(Kami),Kami,"",tf,0,""
37,[HUN],HUN,"",tf,0,""
38,{FwF},FwF,"",tf,0,""
39,SP0NK |,SP0NK ,"",tf,0,""
40,[MEX],MEX,"",tf,0,""
41,Joe |,Joe ,"",tf,0,""
42,(‡∏á·êõ),‡∏á·êõ,"",tf,0,""
43,[king],king,"",tf,0,""
44,[SPA],SPA,"",tf,0,""
45,Kaci |,Kaci ,"",tf,0,""
46,[K],K,"",tf,0,""
47,[NTHN],NTHN,"",tf,0,""
48,/tseini,tseini,"",tf,0,""
49,AY|,AY,"",tf,0,""
50,{OTD},OTD,"",tf,0,""
51,/nGo,nGo,"",tf,0,""
52,(SPb),SPb,"",tf,0,""
53,[Union],Union,"",tf,0,""
54,_Data_,Data_,"",tf,0,""
55,(VIP),VIP,"",tf,0,""
56,/rayvinz,rayvinz,"",tf,0,""
57,-√ü–Ø“¢-,√ü–Ø“¢,"",tf,0,""
58,[ TH ], TH ,"",tf,0,""
59,_(O>O)_,(O>O)_,"",tf,0,""
60,F |,F ,"",tf,0,""
61,{„Ö°},„Ö°,"",tf,0,""
62,--_--,_,"",tf,0,""
63,[EU],EU,"",tf,0,""
64,AyyMD |,AyyMD ,"",tf,0,""
65,{d/Inky},d/Inky,"",tf,0,""
66,[EGE],EGE,"",tf,0,""
67,[USF],USF,"",tf,0,""
68,_zrl_,zrl_,"",tf,0,""
69,(no Cap),no Cap,"",tf,0,""
70,[Agent],Agent,"",tf,0,""
71,[fr],fr,"",tf,0,""
72,jason //,jason /,"",tf,0,""
73,=WL=,WL,"",tf,0,""
74,Choco/,Choco,"",tf,0,""
75,[RNP],RNP,"",tf,0,""
76,/walluu,walluu,"",tf,0,""
77,[B.D],B.D,"",tf,0,""
78,[shot],shot,"",tf,0,""
79,Ainsley/,Ainsley,"",tf,0,""
80,/2-62,"2-62","",tf,0,""
81,retro |,retro ,"",tf,0,""
82,(e),e,"",tf,0,""
83,{YT},YT,"",tf,0,""
84,[DBM],DBM,"",tf,0,""
85,|3rd|,"3rd","",tf,0,""
86,[GW],GW,"",tf,0,""
87,[otaku],otaku,"",tf,0,""
88,{MK},MK,"",tf,0,""
89,___,__,"",tf,0,""
90,(SWE),SWE,"",tf,0,""
91,-[BOTS]-,[BOTS],"",tf,0,""
92,[TSGC],TSGC,"",tf,0,""
93,[ALB],ALB,"",tf,0,""
94,-=[OwO]=-,OwO,"",tf,0,""
95,-.-,.,"",tf,0,""
96,[CANE],CANE,"",tf,0,""
97,(HK),HK,"",tf,0,""
98,(PCH),PCH,"",tf,0,""
99,(RUS),RUS,"",tf,0,""
100,(Voz),Voz,"",tf,0,""
101,/life),life),"",tf,0,""
102,Anicat /,Anicat ,"",tf,0,""
103,_sb_,sb_,"",tf,0,""
104,// RexY, RexY,"",tf,0,""
105,[SGS],SGS,"",tf,0,""
106,[AL-MAH],AL-MAH,"",tf,0,""
107,Otter |,Otter ,"",tf,0,""
108,yo/,yo,"",tf,0,""
109,-MH-,MH,"",tf,0,""
110,[TH],TH,"",tf,0,""
111,Denil |,Denil ,"",tf,0,""
112,[|BP2|],|BP2|,"",tf,0,""
113,*MvM*,MvM,"",tf,0,""
114,/¬Ø  HUN,¬Ø  HUN,"",tf,0,""
115,[PBP],PBP,"",tf,0,""
116,Michael/,Michael,"",tf,0,""
117,(LIVE),LIVE,"",tf,0,""
118,/s,s,"",tf,0,""
119,AY |,AY ,"",tf,0,""
120,[MX],MX,"",tf,0,""
121,[PP],PP,"",tf,0,""
122,ttv/,ttv,"",tf,0,""
123,(pl),pl,"",tf,0,""
124,[Nword],Nword,"",tf,0,""
125,- = /,- = ,"",tf,0,""
126,(lv2),lv2,"",tf,0,""
127,[LDAM],LDAM,"",tf,0,""
128,[o.W.n],o.W.n,"",tf,0,""
129,[GL],GL,"",tf,0,""
130,BX56 |,BX56 ,"",tf,0,""
131,{rsk},rsk,"",tf,0,""
132,(you),you,"",tf,0,""
133,[ARG],ARG,"",tf,0,""
134,[1R#],"1R#","",tf,0,""
135,(NoOff),NoOff,"",tf,0,""
136,Mr. /7u/,Mr. /7u,"",tf,0,""
137,.::[<|,.::[<,"",tf,0,""
138,./,.,"",tf,0,""
139,[S&o],S&o,"",tf,0,""
140,[F2P],F2P,"",tf,0,""
141,[IFN],IFN,"",tf,0,""
142,[Œº's],Œº's,"",tf,0,""
143,{SOG},SOG,"",tf,0,""
144,-Nova-,Nova,"",tf,0,""
145,[F4G],F4G,"",tf,0,""
146,[G–Ø],G–Ø,"",tf,0,""
147,{Kmkz},Kmkz,"",tf,0,""
148,NGS |,NGS ,"",tf,0,""
149,_Mr_,Mr_,"",tf,0,""
150,[TC],TC,"",tf,0,""
151,[BR],BR,"",tf,0,""
152,-=|   |=-,   ,"",tf,0,""
153,/skrpy,skrpy,"",tf,0,""
154,[CCCP],CCCP,"",tf,0,""
155,[DDTC],DDTC,"",tf,0,""
156,(4),"4","",tf,0,""
157,(Tex),Tex,"",tf,0,""
158,.::0.K::,:0.K:,"",tf,0,""
159,[boden],boden,"",tf,0,""
160,[LFG],LFG,"",tf,0,""
161,Skye |,Skye ,"",tf,0,""
162,____,___,"",tf,0,""
163,Starz |,Starz ,"",tf,0,""
164,/=bird=,=bird=,"",tf,0,""
165,//,/,"",tf,0,""
166,/WaiGee,WaiGee,"",tf,0,""
167,luke |,luke ,"",tf,0,""
168,/sprasty,sprasty,"",tf,0,""
169,[AA],AA,"",tf,0,""
170,(void),void,"",tf,0,""
171,(F2P),F2P,"",tf,0,""
172,[‚áÑ],‚áÑ,"",tf,0,""
173,(Cc),Cc,"",tf,0,""
174,=WFT=,WFT,"",tf,0,""
175,/her),her),"",tf,0,""
176,(AYE),AYE,"",tf,0,""
177,*Mewbusi*,Mewbusi,"",tf,0,""
178,(P),P,"",tf,0,""
179,sage |,sage ,"",tf,0,""
180,[HBL],HBL,"",tf,0,""
181,[DFS],DFS,"",tf,0,""
182,https://,https:/,"",tf,0,""
183,(BTW),BTW,"",tf,0,""
184,{TC},TC,"",tf,0,""
185,{Lost},Lost,"",tf,0,""
186,[8],"8","",tf,0,""
187,[AGPC],AGPC,"",tf,0,""
188,[HWP],HWP,"",tf,0,""
189,||Mass|,|Mass,"",tf,0,""
190,[‚òÅ],‚òÅ,"",tf,0,""
191,[JPN],JPN,"",tf,0,""
192,*butter*,butter,"",tf,0,""
193,[ZfG],ZfG,"",tf,0,""
194,[NP],NP,"",tf,0,""
195,[HD-SS],HD-SS,"",tf,0,""
196,Dex |,Dex ,"",tf,0,""
197,"-,m'-",",m'","",tf,0,""
198,(Dilin),Dilin,"",tf,0,""
199,[PsC],PsC,"",tf,0,""
200,Dizzy |,Dizzy ,"",tf,0,""
201,.:D:,D,"",tf,0,""
202,vLL |,vLL ,"",tf,0,""
203,(robert),robert,"",tf,0,""
204,EK |,EK ,"",tf,0,""
205,SN|,SN,"",tf,0,""
206,[BORT],BORT,"",tf,0,""
207,(real),real,"",tf,0,""
208,/dolnic,dolnic,"",tf,0,""
209,{HDK},HDK,"",tf,0,""
210,[SPQR],SPQR,"",tf,0,""
211,CCC|,CCC,"",tf,0,""
212,t.tv/,t.tv,"",tf,0,""
213,[BLM],BLM,"",tf,0,""
214,.tv/,.tv,"",tf,0,""
215,[RVN],RVN,"",tf,0,""
216,T.O.G.|,T.O.G.,"",tf,0,""
217,(UwU),UwU,"",tf,0,""
218,Scone |,Scone ,"",tf,0,""
219,[Boo],Boo,"",tf,0,""
220,/YT,YT,"",tf,0,""
221,HLL.PL|,HLL.PL,"",tf,0,""
222,[BBN],BBN,"",tf,0,""
223,[CHR],CHR,"",tf,0,""
224,(CZ),CZ,"",tf,0,""
225,(^w^),^w^,"",tf,0,""
226,(PT),PT,"",tf,0,""
227,[TN],TN,"",tf,0,""
228,(UB),UB,"",tf,0,""
229,[O&O],O&O,"",tf,0,""
230,Flynn |,Flynn ,"",tf,0,""
231,(lego),lego,"",tf,0,""
232,[SFM],SFM,"",tf,0,""
233,AY/,AY,"",tf,0,""
234,"4/","4","",tf,0,""
235,JATF2 |,JATF2 ,"",tf,0,""
236,Goof //,Goof /,"",tf,0,""
237,/3)^2=1,"3)^2=1","",tf,0,""
238,TSM |,TSM ,"",tf,0,""
239,FFB |,FFB ,"",tf,0,""
240,/canaldc,canaldc,"",tf,0,""
241,/Rei/,/Rei,"",tf,0,""
242,[der],der,"",tf,0,""
243,keven |,keven ,"",tf,0,""
244,(ITA),ITA,"",tf,0,""
245,T.w¬≤ |,T.w¬≤ ,"",tf,0,""
246,/ ACAB), ACAB),"",tf,0,""
247,(144 Hz),"144 Hz","",tf,0,""
248,pH |,pH ,"",tf,0,""
249,Em |,Em ,"",tf,0,""
250,[F],F,"",tf,0,""
251,(???),???,"",tf,0,""
252,Bepis |,Bepis ,"",tf,0,""
253,|WZ|,WZ,"",tf,0,""
254,(¬ß),¬ß,"",tf,0,""
255,t/,t,"",tf,0,""
256,<<HUN>>,HUN,"",tf,0,""
257,(AI),AI,"",tf,0,""
258,[FURRY],FURRY,"",tf,0,""
259,Risu |,Risu ,"",tf,0,""
260,[NZ],NZ,"",tf,0,""
261,Bison |,Bison ,"",tf,0,""
262,|wcpp|,wcpp,"",tf,0,""
263,/jaytuut,jaytuut,"",tf,0,""
264,/drtikey,drtikey,"",tf,0,""
265,/ BY TAC, BY TAC,"",tf,0,""
266,KNP AY|,KNP AY,"",tf,0,""
267,|{sT}|,{sT},"",tf,0,""
268,[test],test,"",tf,0,""
269,[Help!],Help!,"",tf,0,""
270,[Daos],Daos,"",tf,0,""
271,[TLBS],TLBS,"",tf,0,""
272,^^BROT/,^^BROT,"",tf,0,""
273,_________,________,"",tf,0,""
274,oscu0 |,oscu0 ,"",tf,0,""
275,FGFM|,FGFM,"",tf,0,""
276,('t),'t,"",tf,0,""
277,-[FF]-,[FF],"",tf,0,""
278,FTR | B/,FTR | B,"",tf,0,""
279,‚ò≠|,‚ò≠,"",tf,0,""
280,(plant4),plant4,"",tf,0,""
281,{k},k,"",tf,0,""
282,(-BB-),-BB-,"",tf,0,""
283,[FG],FG,"",tf,0,""
284,(4M),"4M","",tf,0,""
285,(CHAD),CHAD,"",tf,0,""
286,Aad |,Aad ,"",tf,0,""
287,ML |,ML ,"",tf,0,""
288,| || ||, || |,"",tf,0,""
289,[DZ],DZ,"",tf,0,""
290,(+_+),+_+,"",tf,0,""
291,*|,*,"",tf,0,""
292,[F≈ç],F≈ç,"",tf,0,""
293,|<3|,<3,"",tf,0,""
294,(lyat),lyat,"",tf,0,""
295,Conk|,Conk,"",tf,0,""
296,(1),"1","",tf,0,""
297,_=_=_,=_=_,"",tf,0,""
298,Hakon |,Hakon ,"",tf,0,""
299,(x)/h ),x)/h ,"",tf,0,""
300,[UBGE],UBGE,"",tf,0,""
301,¬∞|,¬∞,"",tf,0,""
302,(TROLL),TROLL,"",tf,0,""
303,(yt),yt,"",tf,0,""
304,[FaZe],FaZe,"",tf,0,""
305,/ishater,ishater,"",tf,0,""
306,a/,a,"",tf,0,""
307,[CHOD],CHOD,"",tf,0,""
308,[DTS],DTS,"",tf,0,""
309,(Gnome),Gnome,"",tf,0,""
310,[NC],NC,"",tf,0,""
311,Sain |,Sain ,"",tf,0,""
312,_Gaming_,Gaming_,"",tf,0,""
313,(ARG),ARG,"",tf,0,""
314,-WET-,WET,"",tf,0,""
315,-=FAZE=-,FAZE,"",tf,0,""
316,-\/G-,\/G,"",tf,0,""
317,(gl),gl,"",tf,0,""
318,|CZ|,CZ,"",tf,0,""
319,_Weeb_,Weeb_,"",tf,0,""
320,(fab),fab,"",tf,0,""
321,[Lory],Lory,"",tf,0,""
322,[Goose],Goose,"",tf,0,""
323,PLS |,PLS ,"",tf,0,""
324,Phrog |,Phrog ,"",tf,0,""
325,[82DK],"82DK","",tf,0,""
326,[VS],VS,"",tf,0,""
327,[LEMON],LEMON,"",tf,0,""
328,[MOMIJI],MOMIJI,"",tf,0,""
329,(Pedro),Pedro,"",tf,0,""
330,(Ya Boi),Ya Boi,"",tf,0,""
331,AJ |,AJ ,"",tf,0,""
332,[nut],nut,"",tf,0,""
333,[^],^,"",tf,0,""
334,[Zd],Zd,"",tf,0,""
335,Val  |,Val  ,"",tf,0,""
336,[AnTZ$],AnTZ$,"",tf,0,""
337,_Pyro_,Pyro_,"",tf,0,""
338,CP√òx |,CP√òx ,"",tf,0,""
339,[Russia],Russia,"",tf,0,""
340,(HPA),HPA,"",tf,0,""
341,[TFP],TFP,"",tf,0,""
342,(MSC),MSC,"",tf,0,""
343,||GNRL||,|GNRL|,"",tf,0,""
344,(8 days),"8 days","",tf,0,""
345,|HM|,HM,"",tf,0,""
346,(pro),pro,"",tf,0,""
347,Tavo/,Tavo,"",tf,0,""
348,[B.O.B],B.O.B,"",tf,0,""
349,LO|,LO,"",tf,0,""
350,-PHD-,PHD,"",tf,0,""
351,[ BR ], BR ,"",tf,0,""
352,(win),win,"",tf,0,""
353,Pope /,Pope ,"",tf,0,""
354,_listen_,listen_,"",tf,0,""
355,[T],T,"",tf,0,""
356,(VOLVo),VOLVo,"",tf,0,""
357,[][][][],][][][,"",tf,0,""
358,*Ramirez*,Ramirez,"",tf,0,""
359,(deep),deep,"",tf,0,""
360,(Stamos),Stamos,"",tf,0,""
361,[hk],hk,"",tf,0,""
362,[PBSr],PBSr,"",tf,0,""
363,Power |,Power ,"",tf,0,""
364,(LFT HL),LFT HL,"",tf,0,""
365,(7 days),"7 days","",tf,0,""
366,[MomG],MomG,"",tf,0,""
367,-|D|-,|D|,"",tf,0,""
368,[UBRSPY],UBRSPY,"",tf,0,""
369,(no mic),no mic,"",tf,0,""
370,_akk_,akk_,"",tf,0,""
371,∆í|≈°/,∆í|≈°,"",tf,0,""
372,Kira|,Kira,"",tf,0,""
373,[HG],HG,"",tf,0,""
374,|b/,|b,"",tf,0,""
375,[Bot],Bot,"",tf,0,""
376,ACS |,ACS ,"",tf,0,""
377,[TS],TS,"",tf,0,""
378,Zedu |,Zedu ,"",tf,0,""
379,BANAN |,BANAN ,"",tf,0,""
380,Rubi |,Rubi ,"",tf,0,""
381,(DJ),DJ,"",tf,0,""
382,(girl),girl,"",tf,0,""
383,{TH},TH,"",tf,0,""
384,[ALTFS],ALTFS,"",tf,0,""
385,[MNI],MNI,"",tf,0,""
386,[FD2],FD2,"",tf,0,""
387,-EotL-,EotL,"",tf,0,""
388,[TSF],TSF,"",tf,0,""
389,[Synaps],Synaps,"",tf,0,""
390,[LODD],LODD,"",tf,0,""
391,"5KB/","5KB","",tf,0,""
392,[CNT],CNT,"",tf,0,""
393,Jones /,Jones ,"",tf,0,""
394,(BRUV),BRUV,"",tf,0,""
395,[BonG],BonG,"",tf,0,""
396,BRED |,BRED ,"",tf,0,""
397,[ABMC],ABMC,"",tf,0,""
398,[ITA],ITA,"",tf,0,""
399,DyniX |,DyniX ,"",tf,0,""
400,-EotL -,EotL ,"",tf,0,""
401,[AOD],AOD,"",tf,0,""
402,/-420=,-420=,"",tf,0,""
403,[GER],GER,"",tf,0,""
404,SANS |,SANS ,"",tf,0,""
405,(VN),VN,"",tf,0,""
406,ttv.com/,ttv.com,"",tf,0,""
407,SPAHS |,SPAHS ,"",tf,0,""
408,Raj |,Raj ,"",tf,0,""
409,(Mat),Mat,"",tf,0,""
410,JATF¬≤|,JATF¬≤,"",tf,0,""
411, /, ,"",tf,0,""
412,luna |,luna ,"",tf,0,""
413,//ThE_ApA,ThE_ApA,"",tf,0,""
414,[OyOrF],OyOrF,"",tf,0,""
415,[RF],RF,"",tf,0,""
416,[PL],PL,"",tf,0,""
417,ice/,ice,"",tf,0,""
418,-|,-,"",tf,0,""
419,|JEZ|,JEZ,"",tf,0,""
420,VDT|,VDT,"",tf,0,""
421,∆ím/,∆ím,"",tf,0,""
422,(5 days),"5 days","",tf,0,""
423,supra |,supra ,"",tf,0,""
424,/gagged),gagged),"",tf,0,""
425,/Pan Man,Pan Man,"",tf,0,""
426,[RFG],RFG,"",tf,0,""
427,[ ‚öñ ], ‚öñ ,"",tf,0,""
428,jerm |,jerm ,"",tf,0,""
429,(oppai),oppai,"",tf,0,""
430,)/,),"",tf,0,""
431,Kuzu |,Kuzu ,"",tf,0,""
432,/muted,muted,"",tf,0,""
433,//‚ô•,‚ô•,"",tf,0,""
434,Fred /,Fred ,"",tf,0,""
435,[FRFS],FRFS,"",tf,0,""
436,[CZ],CZ,"",tf,0,""
437,-W3E-,W3E,"",tf,0,""
438,[F2W],F2W,"",tf,0,""
439,[AZ],AZ,"",tf,0,""
440,[ie],ie,"",tf,0,""
441,[linux],linux,"",tf,0,""
442,·í∑‚ä£|,·í∑‚ä£,"",tf,0,""
443,*OwO*,OwO,"",tf,0,""
444,-::-,::,"",tf,0,""
445,[sex],sex,"",tf,0,""
446,(Kame),Kame,"",tf,0,""
447,(JP),JP,"",tf,0,""
448,[Alter],Alter,"",tf,0,""
449,youtube/,youtube,"",tf,0,""
450,{BTG},BTG,"",tf,0,""
451,.:Krispoo:,Krispoo,"",tf,0,""
452,/////////,///////,"",tf,0,""
453,[CRO],CRO,"",tf,0,""
454,(N0t),N0t,"",tf,0,""
455,{Sweg},Sweg,"",tf,0,""
456,[LSF],LSF,"",tf,0,""
457,[ZomSu],ZomSu,"",tf,0,""
458,/ 2, 2,"",tf,0,""
459,|Titan|,Titan,"",tf,0,""
460,(IK),IK,"",tf,0,""
461,[TFL],TFL,"",tf,0,""
462,SE |,SE ,"",tf,0,""
463,{420},"420","",tf,0,""
464,(Jeff),Jeff,"",tf,0,""
465,Adney |,Adney ,"",tf,0,""
466,-NTG/,-NTG,"",tf,0,""
467,_O_G_,O_G_,"",tf,0,""
468,[Wln.Tf],Wln.Tf,"",tf,0,""
469,h /,h ,"",tf,0,""
470,- KV -, KV ,"",tf,0,""
471,- - -, - ,"",tf,0,""
472,(Rose),Rose,"",tf,0,""
473,[TR],TR,"",tf,0,""
474,[RS],RS,"",tf,0,""
475,[MicS],MicS,"",tf,0,""
476,.:LC:,LC,"",tf,0,""
477,(io),io,"",tf,0,""
478,[509th],"509th","",tf,0,""
479,[ADC],ADC,"",tf,0,""
480,_Soviet_,Soviet_,"",tf,0,""
481,TeS |,TeS ,"",tf,0,""
482,_miura_,miura_,"",tf,0,""
483,(colado),colado,"",tf,0,""
484,[VR],VR,"",tf,0,""
485,-pik-,pik,"",tf,0,""
486,*UNKNOWN*,UNKNOWN,"",tf,0,""
487,k/,k,"",tf,0,""
488,„Ç∑Sia|,„Ç∑Sia,"",tf,0,""
489,_Sank_,Sank_,"",tf,0,""
490,[NLR],NLR,"",tf,0,""
491,/peeteus,peeteus,"",tf,0,""
492,/ Depre, Depre,"",tf,0,""
493,Fdp |,Fdp ,"",tf,0,""
494,//ER,ER,"",tf,0,""
495,[Z4T],Z4T,"",tf,0,""
496,[GCS],GCS,"",tf,0,""
497,(FIN),FIN,"",tf,0,""
498,[VAVLE],VAVLE,"",tf,0,""
499,G/,G,"",tf,0,""
500,(smurf),smurf,"",tf,0,""
501,(ru),ru,"",tf,0,""
502,[AM8],AM8,"",tf,0,""
503,Rex |,Rex ,"",tf,0,""
504,[VFP],VFP,"",tf,0,""
505,[OwU],OwU,"",tf,0,""
506,[LIVE],LIVE,"",tf,0,""
507,[AJSA],AJSA,"",tf,0,""
508,(sic),sic,"",tf,0,""
509,(QC),QC,"",tf,0,""
510,-CaCtuS-,CaCtuS,"",tf,0,""
511,[DoP],DoP,"",tf,0,""
512,-WEYO-,WEYO,"",tf,0,""
513,SGC |,SGC ,"",tf,0,""
514,/cha,cha,"",tf,0,""
515,/\/ | \/,/\/ | \,"",tf,0,""
516,[xy],xy,"",tf,0,""
517,--nVy-,-nVy,"",tf,0,""
518,blamo |,blamo ,"",tf,0,""
519,[MML],MML,"",tf,0,""
520,:/,:,"",tf,0,""
521,/Her],Her],"",tf,0,""
522,[F-B],F-B,"",tf,0,""
523,fuzi |,fuzi ,"",tf,0,""
524,[SBAGR],SBAGR,"",tf,0,""
525,*Music*,Music,"",tf,0,""
526,[Alpha],Alpha,"",tf,0,""
527,{K.I.M},K.I.M,"",tf,0,""
528,/87,"87","",tf,0,""
529,|GM|,GM,"",tf,0,""
530,{ESP},ESP,"",tf,0,""
531,[DEFN],DEFN,"",tf,0,""
532,Cicno |,Cicno ,"",tf,0,""
533,[Penny],Penny,"",tf,0,""
534,twitch/,twitch,"",tf,0,""
535,(Sandy),Sandy,"",tf,0,""
536,VoT |,VoT ,"",tf,0,""
537,(s),s,"",tf,0,""
538,/MaickJK,MaickJK,"",tf,0,""
539,(666),"666","",tf,0,""
540,(69),"69","",tf,0,""
541,sla/,sla,"",tf,0,""
542,[ESP],ESP,"",tf,0,""
543,[6th GA],"6th GA","",tf,0,""
544,///,/,"",tf,0,""
545,Lynx |,Lynx ,"",tf,0,""
546,[TDE],TDE,"",tf,0,""
547,"1/","1","",tf,0,""
548,*DEAD*,DEAD,"",tf,0,""
549,[DH],DH,"",tf,0,""
550,Hidi/,Hidi,"",tf,0,""
551,(1121),"1121","",tf,0,""
552,[TNTWG],TNTWG,"",tf,0,""
553,boi |,boi ,"",tf,0,""
554,[MFL],MFL,"",tf,0,""
555,[WW],WW,"",tf,0,""
556,[SQ UA],SQ UA,"",tf,0,""
557,[XIIIth],XIIIth,"",tf,0,""
558,[ORANGE],ORANGE,"",tf,0,""
559,-rgp-,rgp,"",tf,0,""
560,(PARTY),PARTY,"",tf,0,""
561,(Xillus),Xillus,"",tf,0,""
562,Iwa97 |,Iwa97 ,"",tf,0,""
563,iDot |,iDot ,"",tf,0,""
564,[SUI],SUI,"",tf,0,""
565,(Mic),Mic,"",tf,0,""
566,[AiRe],AiRe,"",tf,0,""
567,[MBTS],MBTS,"",tf,0,""
568,[HTT‚òÜ],HTT‚òÜ,"",tf,0,""
569,_zZ_,zZ_,"",tf,0,""
570,cRok ||,cRok |,"",tf,0,""
571,r/,r,"",tf,0,""
572,[fake],fake,"",tf,0,""
573,[W-G],W-G,"",tf,0,""
574,[Z7],Z7,"",tf,0,""
575,(‡µ¨),"‡µ¨","",tf,0,""
576,[KOBK],KOBK,"",tf,0,""
577,[sRb],sRb,"",tf,0,""
578,(b0ts),b0ts,"",tf,0,""
579,( ^..^), ^..^,"",tf,0,""
580,[GTK],GTK,"",tf,0,""
581,Delfy|,Delfy,"",tf,0,""
582,/o eggs,o eggs,"",tf,0,""
583,(' ),' ,"",tf,0,""
584,[PB],PB,"",tf,0,""
585,[CUBE],CUBE,"",tf,0,""
586,{NOPE},NOPE,"",tf,0,""
587,(newb),newb,"",tf,0,""
588,/pikafu,pikafu,"",tf,0,""
589,|RES|,RES,"",tf,0,""
590,-=WL=-,WL,"",tf,0,""
591,/ea[,ea[,"",tf,0,""
592,[Lucky],Lucky,"",tf,0,""
593,(DK),DK,"",tf,0,""
594,(UA),UA,"",tf,0,""
595,(sans),sans,"",tf,0,""
596,(10 fps),"10 fps","",tf,0,""
597,(Alpha),Alpha,"",tf,0,""
598,EG|,EG,"",tf,0,""
599,[GP01],GP01,"",tf,0,""
600,/Êó•Â∏∏,Êó•Â∏∏,"",tf,0,""
601,[GFA],GFA,"",tf,0,""
602,-tss-,tss,"",tf,0,""
603,*Lily!*,Lily!,"",tf,0,""
604,/ranch,ranch,"",tf,0,""
605,{@},@,"",tf,0,""
606,[KaKoS],KaKoS,"",tf,0,""
607,Brad |,Brad ,"",tf,0,""
608,[SiN],SiN,"",tf,0,""
609,[PUK],PUK,"",tf,0,""
610,tw.tv/,tw.tv,"",tf,0,""
611,[Toho],Toho,"",tf,0,""
612,tv/,tv,"",tf,0,""
613,(„ÉÑ),„ÉÑ,"",tf,0,""
614,[LaG‚Ñ¢],LaG‚Ñ¢,"",tf,0,""
615,[GRS],GRS,"",tf,0,""
616,[CL],CL,"",tf,0,""
617,(ZGS),ZGS,"",tf,0,""
618,(money),money,"",tf,0,""
619,O/,O,"",tf,0,""
620,[VQ],VQ,"",tf,0,""
621,(j+o),j+o,"",tf,0,""
622,(5days),"5days","",tf,0,""
623,[A$$],A$$,"",tf,0,""
624,[OPBSC],OPBSC,"",tf,0,""
625,[1S-44],"1S-44","",tf,0,""
626,yeet24/,yeet24,"",tf,0,""
627,Rozen 1/,Rozen 1,"",tf,0,""
628,(DMS),DMS,"",tf,0,""
629,|M.A.D|,M.A.D,"",tf,0,""
630,[EGG],EGG,"",tf,0,""
631,{ST},ST,"",tf,0,""
632,EndHack/,EndHack,"",tf,0,""
633,[SG],SG,"",tf,0,""
634,(BR),BR,"",tf,0,""
635,[ibb‚Ñ¢],ibb‚Ñ¢,"",tf,0,""
636,C4|,C4,"",tf,0,""
637,[2T],"2T","",tf,0,""
638,(Kooby),Kooby,"",tf,0,""
639,Sawyer/,Sawyer,"",tf,0,""
640,(_!_),_!_,"",tf,0,""
641,X √Ü |,X √Ü ,"",tf,0,""
642,√Üble |,√Üble ,"",tf,0,""
643,(TEA),TEA,"",tf,0,""
644,[GGT],GGT,"",tf,0,""
645,(Jake),Jake,"",tf,0,""
646,[BOFA],BOFA,"",tf,0,""
647,|Fug|,Fug,"",tf,0,""
648,|BDE|,BDE,"",tf,0,""
649,[TPG],TPG,"",tf,0,""
650,[LOX],LOX,"",tf,0,""
651,{GPG},GPG,"",tf,0,""
652,Red/,Red,"",tf,0,""
653,-hg-,hg,"",tf,0,""
654,"9|","9","",tf,0,""
655,(new pc),new pc,"",tf,0,""
656,|HUT.TF|,HUT.TF,"",tf,0,""
657,[PCZ],PCZ,"",tf,0,""
658,‚àö |,‚àö ,"",tf,0,""
659,(Maybe),Maybe,"",tf,0,""
660,(FR),FR,"",tf,0,""
661,Clio |,Clio ,"",tf,0,""
662,[BoD],BoD,"",tf,0,""
663,[MACK],MACK,"",tf,0,""
664,goon|,goon,"",tf,0,""
665,_Chubbs_,Chubbs_,"",tf,0,""
666,-_-,_,"",tf,0,""
667,[Dr.F],Dr.F,"",tf,0,""
668,<|DJ|,<|DJ,"",tf,0,""
669,choche /,choche ,"",tf,0,""
670,[GNHY],GNHY,"",tf,0,""
671,-(tnp)-,tnp,"",tf,0,""
672,[JP],JP,"",tf,0,""
673,=(eGO)=,(eGO),"",tf,0,""
674,SEX|,SEX,"",tf,0,""
675,__Thesis_,_Thesis_,"",tf,0,""
676,=(e)=,(e),"",tf,0,""
677,OY! |,OY! ,"",tf,0,""
678,/Roamer,Roamer,"",tf,0,""
679,(' '<),' '<,"",tf,0,""
680,[Hunter],Hunter,"",tf,0,""
681,[Tar],Tar,"",tf,0,""
682,MG |,MG ,"",tf,0,""
683,(Sokor),Sokor,"",tf,0,""
684,/7 TEAM,"7 TEAM","",tf,0,""
685,mine152/,mine152,"",tf,0,""
686,//////DEP,////DEP,"",tf,0,""
687,Gwyn |,Gwyn ,"",tf,0,""
688,{‚Ä†},‚Ä†,"",tf,0,""
689,=W=,W,"",tf,0,""
690,[quak],quak,"",tf,0,""
691,=(eG)=,(eG),"",tf,0,""
692,[‚úô],‚úô,"",tf,0,""
693,{+2},+2,"",tf,0,""
694,(bald),bald,"",tf,0,""
695,(ngv),ngv,"",tf,0,""
696,[1017],"1017","",tf,0,""
697,{USA},USA,"",tf,0,""
698,(TWINK),TWINK,"",tf,0,""
699,[NEP],NEP,"",tf,0,""
700,(TSC),TSC,"",tf,0,""
701,_C3ratti_,C3ratti_,"",tf,0,""
702,/h3iz3n,h3iz3n,"",tf,0,""
703,[EPN],EPN,"",tf,0,""
704,(Sick),Sick,"",tf,0,""
705,YOLO |,YOLO ,"",tf,0,""
706,(attack),attack,"",tf,0,""
707,*****,***,"",tf,0,""
708,[Legion],Legion,"",tf,0,""
709,[O.B.A],O.B.A,"",tf,0,""
710,[P2P],P2P,"",tf,0,""
711,CK |,CK ,"",tf,0,""
712,/zubats,zubats,"",tf,0,""
713,[PKM],PKM,"",tf,0,""
714,RXS |,RXS ,"",tf,0,""
715,(BriBri),BriBri,"",tf,0,""
716,(¬¨_¬¨ ),¬¨_¬¨ ,"",tf,0,""
717,[IG],IG,"",tf,0,""
718,[bruh],bruh,"",tf,0,""
719,/MJ22MD,MJ22MD,"",tf,0,""
720,/7,"7","",tf,0,""
721,{edp},edp,"",tf,0,""
722,Aero |,Aero ,"",tf,0,""
723,[Jolio],Jolio,"",tf,0,""
724,II./,II.,"",tf,0,""
725,W |/,W |,"",tf,0,""
726,[4REF],"4REF","",tf,0,""
727,(BLM),BLM,"",tf,0,""
728,(503),"503","",tf,0,""
729,[LPZ],LPZ,"",tf,0,""
730,(cold),cold,"",tf,0,""
731,r√∏x|-/,r√∏x|-,"",tf,0,""
732,{Anime},Anime,"",tf,0,""
733,[KaktuS],KaktuS,"",tf,0,""
734,(Not so),Not so,"",tf,0,""
735,:( </3 /,:( </3 ,"",tf,0,""
736,[A.H.K.],A.H.K.,"",tf,0,""
737,(AY),AY,"",tf,0,""
738,[TW],TW,"",tf,0,""
739,(muted),muted,"",tf,0,""
740,[HNEY],HNEY,"",tf,0,""
741,-œÄ-,œÄ,"",tf,0,""
742,|MTM|,MTM,"",tf,0,""
743,[SQM],SQM,"",tf,0,""
744,TS|,TS,"",tf,0,""
745,"7 1/","7 1","",tf,0,""
746,DSG/,DSG,"",tf,0,""
747,-=Bits=-,Bits,"",tf,0,""
748,[GNG],GNG,"",tf,0,""
749,Dragon /,Dragon ,"",tf,0,""
750,|29th|,"29th","",tf,0,""
751,[LT],LT,"",tf,0,""
752,=PD=,PD,"",tf,0,""
753,[LCC],LCC,"",tf,0,""
754,/SRG,SRG,"",tf,0,""
755,(HOH),HOH,"",tf,0,""
756,[ST],ST,"",tf,0,""
757,/scout,scout,"",tf,0,""
758,[QMR],QMR,"",tf,0,""
759,(‚àû),‚àû,"",tf,0,""
760,Simon |,Simon ,"",tf,0,""
761,(NOT A),NOT A,"",tf,0,""
762,TS |,TS ,"",tf,0,""
763,[FiKaS],FiKaS,"",tf,0,""
764,[Kass],Kass,"",tf,0,""
765,[NL],NL,"",tf,0,""
766,[gD],gD,"",tf,0,""
767,"‡πñ|","‡πñ","",tf,0,""
768,Bacon |,Bacon ,"",tf,0,""
769,niake |,niake ,"",tf,0,""
770,[25th],"25th","",tf,0,""
771,n.G |,n.G ,"",tf,0,""
772,alex/,alex,"",tf,0,""
773,Fury/,Fury,"",tf,0,""
774,F2P/,F2P,"",tf,0,""
775,frog |,frog ,"",tf,0,""
776,[SAW],SAW,"",tf,0,""
777,(P_TF-2),P_TF-2,"",tf,0,""
778,_Green_,Green_,"",tf,0,""
779,***** **,**** *,"",tf,0,""
780,Trow |,Trow ,"",tf,0,""
781,[STF],STF,"",tf,0,""
782,[ggpp],ggpp,"",tf,0,""
783,//Grimloc,Grimloc,"",tf,0,""
784,-gp-,gp,"",tf,0,""
785,[Joes.S],Joes.S,"",tf,0,""
786,(HUN),HUN,"",tf,0,""
787,[NH],NH,"",tf,0,""
788,/poddy6,poddy6,"",tf,0,""
789,(NoMic),NoMic,"",tf,0,""
790,_PaRd0x_,PaRd0x_,"",tf,0,""
791,[TPLR],TPLR,"",tf,0,""
792,*wheeze*,wheeze,"",tf,0,""
793,[TSL],TSL,"",tf,0,""
794,gub |,gub ,"",tf,0,""
795,(PTSL),PTSL,"",tf,0,""
796,[LGSO],LGSO,"",tf,0,""
797,**T.L**,*T.L*,"",tf,0,""
798,(T_T),T_T,"",tf,0,""
799,SMPL |,SMPL ,"",tf,0,""
800,FC |,FC ,"",tf,0,""
801,ÿπÿßŸÖ /,ÿπÿßŸÖ ,"",tf,0,""
802,[FUG],FUG,"",tf,0,""
803,Arrow/,Arrow,"",tf,0,""
804,NO U |,NO U ,"",tf,0,""
805,(#7226),#7226,"",tf,0,""
806,Event /,Event ,"",tf,0,""
807,-[IGR]-,[IGR],"",tf,0,""
808,(elk),elk,"",tf,0,""
809,cbr/,cbr,"",tf,0,""
810,/Monika/,/Monika,"",tf,0,""
811,[ARS],ARS,"",tf,0,""
812,[hecu],hecu,"",tf,0,""
813,aLn|,aLn,"",tf,0,""
814,(Am fox),Am fox,"",tf,0,""
815,[Bill],Bill,"",tf,0,""
816,/) L I E,) L I E,"",tf,0,""
817,{AFTH},AFTH,"",tf,0,""
818,[WDZ],WDZ,"",tf,0,""
819,[CI],CI,"",tf,0,""
820,-=[o.W.n]=-,o.W.n,"",tf,0,""
821,[ÃÖÃ≤7],ÃÖÃ≤7,"",tf,0,""
822,(blw.tf),blw.tf,"",tf,0,""
823,*mute*,mute,"",tf,0,""
824,(17f),"17f","",tf,0,""
825,[L4K],L4K,"",tf,0,""
826,(DLH),DLH,"",tf,0,""
827,(TIDF),TIDF,"",tf,0,""
828,[COS],COS,"",tf,0,""
829,[OTA],OTA,"",tf,0,""
830,(Na+),Na+,"",tf,0,""
831,(CIAO),CIAO,"",tf,0,""
832,dv. |,dv. ,"",tf,0,""
833,ttv://,ttv:/,"",tf,0,""
834,[GUT],GUT,"",tf,0,""
835,(PGN),PGN,"",tf,0,""
836,tedi/,tedi,"",tf,0,""
837,RWBY |,RWBY ,"",tf,0,""
838,-{RR85}-,{RR85},"",tf,0,""
839,[NGC],NGC,"",tf,0,""
840,[EU IV],EU IV,"",tf,0,""
841,(yes),yes,"",tf,0,""
842,[QS],QS,"",tf,0,""
843,={#23}=,{#23},"",tf,0,""
844,[KFR],KFR,"",tf,0,""
845,[PLDT],PLDT,"",tf,0,""
846,[S.e.S],S.e.S,"",tf,0,""
847,[X-215],X-215,"",tf,0,""
848,[no-one],no-one,"",tf,0,""
849,(pybro),pybro,"",tf,0,""
850,DrEM/,DrEM,"",tf,0,""
851,[UAC],UAC,"",tf,0,""
852,FA|,FA,"",tf,0,""
853,{SBZ},SBZ,"",tf,0,""
854,(>'.'),>'.',"",tf,0,""
855,Mono |,Mono ,"",tf,0,""
856,{FITH},FITH,"",tf,0,""
857,(2),"2","",tf,0,""
858,(3),"3","",tf,0,""
859,(5),"5","",tf,0,""
860,(7),"7","",tf,0,""
861,(SPY),SPY,"",tf,0,""
862,[MLF2],MLF2,"",tf,0,""
863,(Adyn),Adyn,"",tf,0,""
864,<|RAT|,<|RAT,"",tf,0,""
865,/EpiSkin,EpiSkin,"",tf,0,""
866,| MTM |, MTM ,"",tf,0,""
867,Andy |,Andy ,"",tf,0,""
868,|TAOZ|,TAOZ,"",tf,0,""
869,(mo),mo,"",tf,0,""
870,k@r|a|,k@r|a,"",tf,0,""
871,pan |,pan ,"",tf,0,""
872,Bruno|,Bruno,"",tf,0,""
873,[ËÉ°Ê§í],ËÉ°Ê§í,"",tf,0,""
874,[KZ],KZ,"",tf,0,""
875,Aniki |,Aniki ,"",tf,0,""
876,Loky/,Loky,"",tf,0,""
877,(Wolf),Wolf,"",tf,0,""
878,[TLW],TLW,"",tf,0,""
879,[VIP],VIP,"",tf,0,""
880,[T.C.],T.C.,"",tf,0,""
881,AI-COM/,AI-COM,"",tf,0,""
882,(nawy),nawy,"",tf,0,""
883,[G.Y.M.],G.Y.M.,"",tf,0,""
884,(th),th,"",tf,0,""
885,(Py-bro),Py-bro,"",tf,0,""
886,[CSO],CSO,"",tf,0,""
887,[KOP],KOP,"",tf,0,""
888,(funny),funny,"",tf,0,""
889,(@7226),@7226,"",tf,0,""
890,(PAH),PAH,"",tf,0,""
891,Wolf |,Wolf ,"",tf,0,""
892,*-*,-,"",tf,0,""
893,[ =12= ], =12= ,"",tf,0,""
894,-dt-,dt,"",tf,0,""
895,[TF2],TF2,"",tf,0,""
896,I>|.6/,I>|.6,"",tf,0,""
897,/\/,/\,"",tf,0,""
898,[xG],xG,"",tf,0,""
899,[DUSA],DUSA,"",tf,0,""
900,{ASYLUM},ASYLUM,"",tf,0,""
901,okert /,okert ,"",tf,0,""
902,Agro |,Agro ,"",tf,0,""
903,Chi |,Chi ,"",tf,0,""
904,[H4B],H4B,"",tf,0,""
905,[SLAT],SLAT,"",tf,0,""
906,(US),US,"",tf,0,""
907,[PAH],PAH,"",tf,0,""
908,_GrEmLiN_,GrEmLiN_,"",tf,0,""
909,[ƒúƒû],ƒúƒû,"",tf,0,""
910,(B-Day),B-Day,"",tf,0,""
911,cwg|,cwg,"",tf,0,""
912,(YRN),YRN,"",tf,0,""
913,[MNLY],MNLY,"",tf,0,""
914,[IDLE],IDLE,"",tf,0,""
915,{bulls},bulls,"",tf,0,""
916,[PSG],PSG,"",tf,0,""
917,[GROM],GROM,"",tf,0,""
918,(912),"912","",tf,0,""
919,[Honk!!],Honk!!,"",tf,0,""
920,Akari |,Akari ,"",tf,0,""
921,Slash |,Slash ,"",tf,0,""
922,/Cvxr LF,Cvxr LF,"",tf,0,""
923,_Super_,Super_,"",tf,0,""
924,„ÄåN/,„ÄåN,"",tf,0,""
925,(bday),bday,"",tf,0,""
926,[SMUG],SMUG,"",tf,0,""
927,*rRaawr*,rRaawr,"",tf,0,""
928,Alibi |,Alibi ,"",tf,0,""
929,-id-,id,"",tf,0,""
930,/11,"11","",tf,0,""
931,[UA],UA,"",tf,0,""
932,[YT],YT,"",tf,0,""
933,[THM],THM,"",tf,0,""
934,[MB],MB,"",tf,0,""
935,[ECD],ECD,"",tf,0,""
936,emv2005/,emv2005,"",tf,0,""
937,Szwagr/,Szwagr,"",tf,0,""
938,[-_-],-_-,"",tf,0,""
939,|DTC|,DTC,"",tf,0,""
940,/haitiu,haitiu,"",tf,0,""
941,=S=,S,"",tf,0,""
942,(FAZAN),FAZAN,"",tf,0,""
943,[MSF],MSF,"",tf,0,""
944,[SCWP],SCWP,"",tf,0,""
945,MIMIC |,MIMIC ,"",tf,0,""
946,AAA|,AAA,"",tf,0,""
947,spy |,spy ,"",tf,0,""
948,U|N|C|,U|N|C,"",tf,0,""
949,Zilaz |,Zilaz ,"",tf,0,""
950,[LNLM],LNLM,"",tf,0,""
951,***Pubi**,**Pubi*,"",tf,0,""
952,[Salty],Salty,"",tf,0,""
953,[MMA],MMA,"",tf,0,""
954,_TOWI/IK_,TOWI/IK_,"",tf,0,""
955,[Twpii],Twpii,"",tf,0,""
956,[pvpp],pvpp,"",tf,0,""
957,LPF |,LPF ,"",tf,0,""
958,[Paul],Paul,"",tf,0,""
959,‚ô• |,‚ô• ,"",tf,0,""
960,Leia |,Leia ,"",tf,0,""
961,[BBC],BBC,"",tf,0,""
962,(>œâ<),>œâ<,"",tf,0,""
963,(spooky),spooky,"",tf,0,""
964,(spoopy),spoopy,"",tf,0,""
965,(ATP),ATP,"",tf,0,""
966,[R.E.D],R.E.D,"",tf,0,""
967,-X-,X,"",tf,0,""
968,(0w0),"0w0","",tf,0,""
969,[europe],europe,"",tf,0,""
970,(HMU^^),HMU^^,"",tf,0,""
971,_PyBro_,PyBro_,"",tf,0,""
972,//\/,\/,"",tf,0,""
973,[503],"503","",tf,0,""
974,KO |,KO ,"",tf,0,""
975,Jimbo |,Jimbo ,"",tf,0,""
976,Keda |,Keda ,"",tf,0,""
977,Cinex |,Cinex ,"",tf,0,""
978,TGT /,TGT ,"",tf,0,""
979,[RUS],RUS,"",tf,0,""
980,(goon),goon,"",tf,0,""
981,a3bECT|,a3bECT,"",tf,0,""
982,Wheat |,Wheat ,"",tf,0,""
983,| balancemod.tf,balancemod,"",tf,0,""
984,(spooki),spooki,"",tf,0,""
985,|MTN|,MTN,"",tf,0,""
986,[noMask],noMask,"",tf,0,""
987,[Spooky],Spooky,"",tf,0,""
988,R0/,R0,"",tf,0,""
989,Dan |,Dan ,"",tf,0,""
990,***** ***,**** **,"",tf,0,""
991,(BLM!),BLM!,"",tf,0,""
992,[HNC],HNC,"",tf,0,""
993,{Fur},Fur,"",tf,0,""
994,[GFL],GFL,"",tf,0,""
995,_scoober_,scoober_,"",tf,0,""
996,_shagger_,shagger_,"",tf,0,""
997,(777),"777","",tf,0,""
998,-#AK47#-,#AK47#,"",tf,0,""
999,l 4lt|,l 4lt,"",tf,0,""
1000,{FR},FR,"",tf,0,""
1001,(456),"456","",tf,0,""
1002,[LT‚Ñ¢],LT‚Ñ¢,"",tf,0,""
1003,Vertox |,Vertox,"",tf,0,""
1004,[Garnet],Garnet,"",tf,0,""
1005,·µÄ·¥∏ |,·µÄ·¥∏,"",tf,0,""
1006,//Blan,Blan,"",tf,0,""
1007,"4 |","4","",tf,0,""
1008,/ twitch, twitch,"",tf,0,""
1009,James |,James,"",tf,0,""
1010,"24/","24","",tf,0,""
1011,Skint |,Skint,"",tf,0,""
1012,[FWR],FWR,"",tf,0,""
1013,Jinete /,Jinete ,"",tf,0,""
1014,[OsT],OsT,"",tf,0,""
1015,-=GT=-,GT,"",tf,0,""
1016,{Z},Z,"",tf,0,""
1017,(‰∏çÈÅã),‰∏çÈÅã,"",tf,0,""
1018,Sate |,Sate,"",tf,0,""
1019,(Max),Max,"",tf,0,""
1020,[AMR],AMR,"",tf,0,""
1021,///KING//,/KING//,"",tf,0,""
1022,Pfizer/,Pfizer,"",tf,0,""
1023,Robin/,Robin,"",tf,0,""
1024,_Cz_,Cz_,"",tf,0,""
1025,[FIN],FIN,"",tf,0,""
1026,[DSU],DSU,"",tf,0,""
1027,(PCS),PCS,"",tf,0,""
1028,(M.S.),M.S.,"",tf,0,""
1029,|NL|,NL,"",tf,0,""
1030,C/,C,"",tf,0,""
1031,Mr.J|,Mr.J,"",tf,0,""
1032,(PTFH),PTFH,"",tf,0,""
1033,(Noob),Noob,"",tf,0,""
1034,(Snow),Snow,"",tf,0,""
1035,D|,D,"",tf,0,""
1036,John Do/,John Do,"",tf,0,""
1037,(‚ô•),‚ô•,"",tf,0,""
1038,[TEYLA],TEYLA,"",tf,0,""
1039,[PDR],PDR,"",tf,0,""
1040,[???],???,"",tf,0,""
1041,alts |,alts,"",tf,0,""
1042,[CB],CB,"",tf,0,""
1043,{HM},HM,"",tf,0,""
1044,[GNU],GNU,"",tf,0,""
1045,(FroSty),FroSty,"",tf,0,""
1046,[hp],hp,"",tf,0,""
1047,[-  +],-  +,"",tf,0,""
1048,|–∏$c|,–∏$c,"",tf,0,""
1049,YEP |,YEP,"",tf,0,""
1050,[_],_,"",tf,0,""
1051,[18pp],"18pp","",tf,0,""
1052,/her,her,"",tf,0,""
1053,=[o.W.n]=,o.W.n,"",tf,0,""
1054,(BL),BL,"",tf,0,""
1055,{-_-},-_-,"",tf,0,""
1056,[TR!],TR!,"",tf,0,""
1057,[S.boi],S.boi,"",tf,0,""
1058,[P],P,"",tf,0,""
1059,_ _, _,"",tf,0,""
1060,[BMR],BMR,"",tf,0,""
1061,(TF2),TF2,"",tf,0,""
1062,‚úã |,‚úã,"",tf,0,""
1063,BA |,BA,"",tf,0,""
1064,Vriska |,Vriska,"",tf,0,""
1065,lead77 |,lead77,"",tf,0,""
1066,itL|,itL,"",tf,0,""
1067,"17?! |","17?!","",tf,0,""
1068,Cream |,Cream,"",tf,0,""
1069,webop /,webop ,"",tf,0,""
1070,(GER),GER,"",tf,0,""
1071,[GTG],GTG,"",tf,0,""
1072,-=SMC=-,SMC,"",tf,0,""
1073,|CG|,CG,"",tf,0,""
1074,/o,o,"",tf,0,""
1075,[FF!],FF!,"",tf,0,""
1076,Limon|,Limon,"",tf,0,""
1077,Chodor |,Chodor,"",tf,0,""
1078,/f2p,f2p,"",tf,0,""
1079,{ZF},ZF,"",tf,0,""
1080,[SDF],SDF,"",tf,0,""
1081,_Hunter_,Hunter_,"",tf,0,""
1082,Yimey||,Yimey|,"",tf,0,""
1083,_PL_,PL_,"",tf,0,""
1084,(farted),farted,"",tf,0,""
1085,[CBT],CBT,"",tf,0,""
1086,(^-^),^-^,"",tf,0,""
1087,//<,<,"",tf,0,""
1088,[ibb¬≤],ibb¬≤,"",tf,0,""
1089,{TTV},TTV,"",tf,0,""
1090,(to ja),to ja,"",tf,0,""
1091,( / ), / ,"",tf,0,""
1092,Hero/,Hero,"",tf,0,""
1093,{F2P},F2P,"",tf,0,""
1094,Hun |,Hun,"",tf,0,""
1095,rocker |,rocker,"",tf,0,""
1096,{VenLag},VenLag,"",tf,0,""
1097,_o_,o_,"",tf,0,""
1098,Yann |,Yann,"",tf,0,""
1099,Medic! |,Medic!,"",tf,0,""
1100,[BE],BE,"",tf,0,""
1101,H2 |,H2,"",tf,0,""
1102,[FR/,[FR,"",tf,0,""
1103,[DG],DG,"",tf,0,""
1104,{RdF},RdF,"",tf,0,""
1105,_Cat_,Cat_,"",tf,0,""
1106,(Snake),Snake,"",tf,0,""
1107,/4,"4","",tf,0,""
1108,/XImadar,XImadar,"",tf,0,""
1109,[IKEA],IKEA,"",tf,0,""
1110,[smile],smile,"",tf,0,""
1111,{PMKN},PMKN,"",tf,0,""
1112,Siomo |,Siomo,"",tf,0,""
1113,=[DE/,=[DE,"",tf,0,""
1114,[M!ATB],M!ATB,"",tf,0,""
1115,Foster |,Foster,"",tf,0,""
1116,[ ZID ], ZID ,"",tf,0,""
1117,¬∞||,¬∞|,"",tf,0,""
1118,[DK],DK,"",tf,0,""
1119,{Iron},Iron,"",tf,0,""
1120,[TST],TST,"",tf,0,""
1121,[KHC],KHC,"",tf,0,""
1122,(Makkis),Makkis,"",tf,0,""
1123,******,****,"",tf,0,""
1124,(fish),fish,"",tf,0,""
1125,(Arca),Arca,"",tf,0,""
1126,[xG:M],xG:M,"",tf,0,""
1127,(esp),esp,"",tf,0,""
1128,[FP],FP,"",tf,0,""
1129,__Ozzy_,_Ozzy_,"",tf,0,""
1130,FB||,FB|,"",tf,0,""
1131,kara/,kara,"",tf,0,""
1132,/off,off,"",tf,0,""
1133,BA/,BA,"",tf,0,""
1134,Steev |,Steev,"",tf,0,""
1135,/SK,SK,"",tf,0,""
1136,_7_,"7_","",tf,0,""
1137,(Arabic),Arabic,"",tf,0,""
1138,****,**,"",tf,0,""
1139,(gay),gay,"",tf,0,""
1140,[CuC],CuC,"",tf,0,""
1141,L'Tech|,L'Tech,"",tf,0,""
1142,[+],+,"",tf,0,""
1143,/Could,Could,"",tf,0,""
1144,[Œª],Œª,"",tf,0,""
1145,{|,{,"",tf,0,""
1146,[TG],TG,"",tf,0,""
1147,[a-C*],a-C*,"",tf,0,""
1148,[][],][,"",tf,0,""
1149,(POOTIS),POOTIS,"",tf,0,""
1150,:3 |,:3,"",tf,0,""
1151,{|KG|},|KG|,"",tf,0,""
1152,[MAZA],MAZA,"",tf,0,""
1153,[Meta 2],Meta 2,"",tf,0,""
1154,[fll.fi],fll.fi,"",tf,0,""
1155,[HM],HM,"",tf,0,""
1156,(male),male,"",tf,0,""
1157,Coffee |,Coffee,"",tf,0,""
1158,HoLLy |,HoLLy,"",tf,0,""
1159,[CNS],CNS,"",tf,0,""
1160,/ t.tv, t.tv,"",tf,0,""
1161,Lioder/,Lioder,"",tf,0,""
1162,[MAH],MAH,"",tf,0,""
1163,(S.F.HR),S.F.HR,"",tf,0,""
1164,[S.F.HR],S.F.HR,"",tf,0,""
1165,[RAIN],RAIN,"",tf,0,""
1166,{IC},IC,"",tf,0,""
1167,Snek |,Snek,"",tf,0,""
1168,(liquid),liquid,"",tf,0,""
1169,(Mx),Mx,"",tf,0,""
1170,(KR),KR,"",tf,0,""
1171,Dr.HAX |,Dr.HAX,"",tf,0,""
1172,/NLD],NLD],"",tf,0,""
1173,[TMG],TMG,"",tf,0,""
1174,PL |,PL,"",tf,0,""
1175,‚ô•PL |,‚ô•PL,"",tf,0,""
1176,(Purpel),Purpel,"",tf,0,""
1177,/blade3k,blade3k,"",tf,0,""
1178,[Winx],Winx,"",tf,0,""
1179,(-_-),-_-,"",tf,0,""
1180,[T.F.T],T.F.T,"",tf,0,""
1181,(TM),TM,"",tf,0,""
1182,|_UA4|,_UA4,"",tf,0,""
1183,[REDV],REDV,"",tf,0,""
1184,DKC |,DKC,"",tf,0,""
1185,[HOV],HOV,"",tf,0,""
1186,√¨≈ñÀö|,√¨≈ñÀö,"",tf,0,""
1187,(B),B,"",tf,0,""
1188,_s_,s_,"",tf,0,""
1189,[HOVLD],HOVLD,"",tf,0,""
1190,_grabarz_,grabarz_,"",tf,0,""
1191,(not),not,"",tf,0,""
1192,kajus |,kajus,"",tf,0,""
1193,[USA],USA,"",tf,0,""
1194,*RoW*,RoW,"",tf,0,""
1195,(Aggron),Aggron,"",tf,0,""
1196,(BFTF2),BFTF2,"",tf,0,""
1197,[NSN],NSN,"",tf,0,""
1198,Elon |,Elon,"",tf,0,""
1199,[S.D.F.],S.D.F.,"",tf,0,""
1200,Ac|,Ac,"",tf,0,""
1201,(0.2),"0.2","",tf,0,""
1202,_otaku_,otaku_,"",tf,0,""
1203,/7e4–µ–ù,"7e4–µ–ù","",tf,0,""
1204,[NSS],NSS,"",tf,0,""
1205,/SFRJ],SFRJ],"",tf,0,""
1206,[PURO],PURO,"",tf,0,""
1207,(NOR),NOR,"",tf,0,""
1208,(._. t),._. t,"",tf,0,""
1209,{fuck},fuck,"",tf,0,""
1210,_-Medio-_,-Medio-_,"",tf,0,""
1211,// MDMA /, MDMA /,"",tf,0,""
1212,/A certi,A certi,"",tf,0,""
1213,(296),"296","",tf,0,""
1214,ender|,ender,"",tf,0,""
1215,(boy),boy,"",tf,0,""
1216,[EotL],EotL,"",tf,0,""
1217,{TPF},TPF,"",tf,0,""
1218,Slam/,Slam,"",tf,0,""
1219,[TLL],TLL,"",tf,0,""
1220,xdx123 |,xdx123,"",tf,0,""
1221,[NGU],NGU,"",tf,0,""
1222,(IRS),IRS,"",tf,0,""
1223,Neglex |,Neglex,"",tf,0,""
1224,[MG],MG,"",tf,0,""
1225,('-'),'-',"",tf,0,""
1226,.:Omega:,Omega,"",tf,0,""
1227,[SKVR],SKVR,"",tf,0,""
1228,.>/ / /,.>/ / ,"",tf,0,""
1229,TTV |,TTV,"",tf,0,""
1230,(cool),cool,"",tf,0,""
1231,{BSKL},BSKL,"",tf,0,""
1232,NME |,NME,"",tf,0,""
1233,LILb |,LILb,"",tf,0,""
1234,Jew |,Jew,"",tf,0,""
1235,(Sƒ∞S),Sƒ∞S,"",tf,0,""
1236,[63e],"63e","",tf,0,""
1237,_tackZz_,tackZz_,"",tf,0,""
1238,[Pr√§st],Pr√§st,"",tf,0,""
1239,[DDH],DDH,"",tf,0,""
1240,[Evo],Evo,"",tf,0,""
1241,[mute],mute,"",tf,0,""
1242,[OR],OR,"",tf,0,""
1243,{HUN},HUN,"",tf,0,""
1244,[SBP],SBP,"",tf,0,""
1245,[Last],Last,"",tf,0,""
1246,Dark|,Dark,"",tf,0,""
1247,[CsALx],CsALx,"",tf,0,""
1248,[NGR],NGR,"",tf,0,""
1249,( C.T ), C.T ,"",tf,0,""
1250,/mal),mal),"",tf,0,""
1251,----------,------,"",tf,0,""
1252,(smart),smart,"",tf,0,""
1253,[Moe.],Moe.,"",tf,0,""
1254,__Virus_,_Virus_,"",tf,0,""
1255,"/.n,SD",".n,SD","",tf,0,""
1256,[blw.tf],blw.tf,"",tf,0,""
1257,|PHD|,PHD,"",tf,0,""
1258,(nero),nero,"",tf,0,""
1259,(Uber),Uber,"",tf,0,""
1260,[YOU],YOU,"",tf,0,""
1261,[CIR],CIR,"",tf,0,""
1262,(slime),slime,"",tf,0,""
1263,[HF],HF,"",tf,0,""
1264,{Ro4L},Ro4L,"",tf,0,""
1265,/they),they),"",tf,0,""
1266,/·¥Ä …¥ ,·¥Ä …¥ ,"",tf,0,""
1267,[BZ],BZ,"",tf,0,""
1268,m/,m,"",tf,0,""
1269,[SR],SR,"",tf,0,""
1270,(SHR),SHR,"",tf,0,""
1271,[LFBF],LFBF,"",tf,0,""
1272,STAF|,STAF,"",tf,0,""
1273,/JoinG,JoinG,"",tf,0,""
1274,[Mc],Mc,"",tf,0,""
1275,_PUTIS_,PUTIS_,"",tf,0,""
1276,* ‚òÜ:*, ‚òÜ:,"",tf,0,""
1277,[TCPZ],TCPZ,"",tf,0,""
1278,/she),she),"",tf,0,""
1279,{GER},GER,"",tf,0,""
1280,(NL),NL,"",tf,0,""
1281,[archi],archi,"",tf,0,""
1282,Planet//,Planet/,"",tf,0,""
1283,( ROFLS), ROFLS,"",tf,0,""
1284,(duck),duck,"",tf,0,""
1285,{BB},BB,"",tf,0,""
1286,DotPT |,DotPT,"",tf,0,""
1287,(ass),ass,"",tf,0,""
1288,_guy_,guy_,"",tf,0,""
1289,_kot_,kot_,"",tf,0,""
1290,Œ© |,Œ©,"",tf,0,""
1291,[BRONY],BRONY,"",tf,0,""
1292,pan/,pan,"",tf,0,""
1293,?buble/,?buble,"",tf,0,""
1294,[EP],EP,"",tf,0,""
1295,[NCC],NCC,"",tf,0,""
1296,<<<=XERO=>>,<=XERO=,"",tf,0,""
1297,[RNG2],RNG2,"",tf,0,""
1298,(scary),scary,"",tf,0,""
1299,/≈Åotr,≈Åotr,"",tf,0,""
1300,Vlados |,Vlados,"",tf,0,""
1301,/nevo1st,nevo1st,"",tf,0,""
1302,--Juno-,-Juno,"",tf,0,""
1303,(O_O\),O_O\,"",tf,0,""
1304,/8,"8","",tf,0,""
1305,_Glitchy_,Glitchy_,"",tf,0,""
1306,[WC],WC,"",tf,0,""
1307,(Fist),Fist,"",tf,0,""
1308,[LoRd],LoRd,"",tf,0,""
1309,(No bot),No bot,"",tf,0,""
1310,(THE),THE,"",tf,0,""
1311,proton |,proton,"",tf,0,""
1312,*Spooky*,Spooky,"",tf,0,""
1313,[FSC],FSC,"",tf,0,""
1314,=ABC=,ABC,"",tf,0,""
1315,(ASTRO),ASTRO,"",tf,0,""
1316,[jZap!],jZap!,"",tf,0,""
1317,huh. |,huh.,"",tf,0,""
1318,_bear_,bear_,"",tf,0,""
1319,[SAMNX],SAMNX,"",tf,0,""
1320,Kunap  |,Kunap ,"",tf,0,""
1321,|8th ID|,"8th ID","",tf,0,""
1322,[LR],LR,"",tf,0,""
1323,(._.`),._.`,"",tf,0,""
1324,(gewp),gewp,"",tf,0,""
1325,Wi/,Wi,"",tf,0,""
1326,[kisiel],kisiel,"",tf,0,""
1327,(eric),eric,"",tf,0,""
1328,_c_fm_,c_fm_,"",tf,0,""
1329,[[pipis],[pipis,"",tf,0,""
1330,(!!!),!!!,"",tf,0,""
1331,Medic |,Medic,"",tf,0,""
1332,[[Ramen],[Ramen,"",tf,0,""
1333,[ABGN],ABGN,"",tf,0,""
1334,[UCB],UCB,"",tf,0,""
1335,[DHY!],DHY!,"",tf,0,""
1336,[B&B],B&B,"",tf,0,""
1337,[SSRB],SSRB,"",tf,0,""
1338,_end_,end_,"",tf,0,""
1339,[*lol],*lol,"",tf,0,""
1340,|R‚ô£H|,R‚ô£H,"",tf,0,""
1341,‚úö V |,‚úö V,"",tf,0,""
1342,(bagel),bagel,"",tf,0,""
1343,[RF‚Ä†],RF‚Ä†,"",tf,0,""
1344,*******,*****,"",tf,0,""
1345,[GAY],GAY,"",tf,0,""
1346,Bagle |,Bagle,"",tf,0,""
1347,"2 |","2","",tf,0,""
1348,[En!],En!,"",tf,0,""
1349,(tiky),tiky,"",tf,0,""
1350,/DEU),DEU),"",tf,0,""
1351,[GAW],GAW,"",tf,0,""
1352,db/,db,"",tf,0,""
1353,__AtoM__,_AtoM__,"",tf,0,""
1354,nikals |,nikals,"",tf,0,""
1355,(COSMIC),COSMIC,"",tf,0,""
1356,Dragon |,Dragon,"",tf,0,""
1357,a |,a,"",tf,0,""
1358,(Alt),Alt,"",tf,0,""
1359,R3X33Q/,R3X33Q,"",tf,0,""
1360,[DADG],DADG,"",tf,0,""
1361,<3 /,<3 ,"",tf,0,""
1362,|24/7|,"24/7","",tf,0,""
1363,|Pz-L|,Pz-L,"",tf,0,""
1364,[VALVe],VALVe,"",tf,0,""
1365,(name)),name),"",tf,0,""
1366,(HF),HF,"",tf,0,""
1367,CDU/,CDU,"",tf,0,""
1368,| ùïç |, ùïç ,"",tf,0,""
1369,(AC130),AC130,"",tf,0,""
1370,(Myst),Myst,"",tf,0,""
1371,<<S0r|,<<S0r,"",tf,0,""
1372,[VŒëLVE],VŒëLVE,"",tf,0,""
1373,(REAL!),REAL!,"",tf,0,""
1374,(CA),CA,"",tf,0,""
1375,Melody/,Melody,"",tf,0,""
1376,.:Max_Im:,Max_Im,"",tf,0,""
1377,ADBH//,ADBH/,"",tf,0,""
1378,N160A/,N160A,"",tf,0,""
1379,Em </,Em <,"",tf,0,""
1380,[UO],UO,"",tf,0,""
1381,[UCK],UCK,"",tf,0,""
1382,[CN],CN,"",tf,0,""
1383,{yellow},yellow,"",tf,0,""
1384,--OXY-,-OXY,"",tf,0,""
1385,[GrGr],GrGr,"",tf,0,""
1386,[GI],GI,"",tf,0,""
1387,[ZEC],ZEC,"",tf,0,""
1388,(_),_,"",tf,0,""
1389,[‚áå],‚áå,"",tf,0,""
1390,(fake),fake,"",tf,0,""
1391,(hm),hm,"",tf,0,""
1392,[A6E],A6E,"",tf,0,""
1393,BIG|,BIG,"",tf,0,""
1394,/Lord),Lord),"",tf,0,""
1395,(Ned),Ned,"",tf,0,""
1396,[LBOX],LBOX,"",tf,0,""
1397,Heavy|,Heavy,"",tf,0,""
1398,[SQ√éZ],SQ√éZ,"",tf,0,""
1399,[M] [A],M] [A,"",tf,0,""
1400,(Rusty),Rusty,"",tf,0,""
1401,(Tony),Tony,"",tf,0,""
1402,"(69,420)","69,420","",tf,0,""
1403,[TRG],TRG,"",tf,0,""
1404,_1_,"1_","",tf,0,""
1405,[RO],RO,"",tf,0,""
1406,(œÄ),œÄ,"",tf,0,""
1407,|WD|,WD,"",tf,0,""
1408,/!\ ¬°¬°,!\ ¬°¬°,"",tf,0,""
1409,[ZKT],ZKT,"",tf,0,""
1410,{BUB},BUB,"",tf,0,""
1411,(TF),TF,"",tf,0,""
1412,[UNO],UNO,"",tf,0,""
1413,|sF|,sF,"",tf,0,""
1414,yt/,yt,"",tf,0,""
1415,Tumble |,Tumble,"",tf,0,""
1416,/Woof,Woof,"",tf,0,""
1417,//Laid to,Laid to,"",tf,0,""
1418,_Gr33n_,Gr33n_,"",tf,0,""
1419,[Crit],Crit,"",tf,0,""
1420,Ham |,Ham,"",tf,0,""
1421,Ruben /,Ruben ,"",tf,0,""
1422,Sovet |,Sovet,"",tf,0,""
1423,[CW],CW,"",tf,0,""
1424,[LUE],LUE,"",tf,0,""
1425,_|,_,"",tf,0,""
1426,(P2P),P2P,"",tf,0,""
1427,(furry),furry,"",tf,0,""
1428,[UM],UM,"",tf,0,""
1429,(Wizard),Wizard,"",tf,0,""
1430,Krspe |,Krspe,"",tf,0,""
1431,(Soggy),Soggy,"",tf,0,""
1432,(Canon),Canon,"",tf,0,""
1433,(M5M),M5M,"",tf,0,""
1434,ACG |,ACG,"",tf,0,""
1435,Bear |,Bear,"",tf,0,""
1436,[Hi TH],Hi TH,"",tf,0,""
1437,[2Tits],"2Tits","",tf,0,""
1438,[DS],DS,"",tf,0,""
1439,|WTF?|,WTF?,"",tf,0,""
1440,[HALAL],HALAL,"",tf,0,""
1441,[RGU],RGU,"",tf,0,""
1442,|Effeqs|,Effeqs,"",tf,0,""
1443,/tapw,tapw,"",tf,0,""
1444,(scout),scout,"",tf,0,""
1445,[EH],EH,"",tf,0,""
1446,(twitch),twitch,"",tf,0,""
1447,_senpai_,senpai_,"",tf,0,""
1448,Ham‚Ñ¢ |,Ham‚Ñ¢,"",tf,0,""
1449,[MUG],MUG,"",tf,0,""
1450,ori/,ori,"",tf,0,""
1451,(trojka),trojka,"",tf,0,""
1452,FaZe |,FaZe,"",tf,0,""
1453,/them),them),"",tf,0,""
1454,RaRa |,RaRa,"",tf,0,""
1455,(Pyro),Pyro,"",tf,0,""
1456,_Ash_,Ash_,"",tf,0,""
1457,[A.R.C],A.R.C,"",tf,0,""
1458,[OK],OK,"",tf,0,""
1459,[IGT],IGT,"",tf,0,""
1460,[Tin9-|,[Tin9-,"",tf,0,""
1461,[STH],STH,"",tf,0,""
1462,*GWG*,GWG,"",tf,0,""
1463,Wietrzu/,Wietrzu,"",tf,0,""
1464,(i960),i960,"",tf,0,""
1465,(Coolu),Coolu,"",tf,0,""
1466,Albert/,Albert,"",tf,0,""
1467,(Silent),Silent,"",tf,0,""
1468,(lmao),lmao,"",tf,0,""
1469,[C],C,"",tf,0,""
1470,(dev),dev,"",tf,0,""
1471,(–Ω–µ),–Ω–µ,"",tf,0,""
1472,_Bones_,Bones_,"",tf,0,""
1473,Oxy|,Oxy,"",tf,0,""
1474,-LPD-,LPD,"",tf,0,""
1475,[HOL],HOL,"",tf,0,""
1476,(silly),silly,"",tf,0,""
1477,PJP |,PJP,"",tf,0,""
1478,Ihaz |,Ihaz,"",tf,0,""
1479,[B.G],B.G,"",tf,0,""
1480,[SDLG],SDLG,"",tf,0,""
1481,pepsi |,pepsi,"",tf,0,""
1482,[CMB],CMB,"",tf,0,""
1483,xX_/,xX_,"",tf,0,""
1484,(TR),TR,"",tf,0,""
1485,[ESC],ESC,"",tf,0,""
1486,( LT ), LT ,"",tf,0,""
1487,(wm),wm,"",tf,0,""
1488,*F*A*U*,F*A*U,"",tf,0,""
1489,M |,M,"",tf,0,""
1490,(+18),+18,"",tf,0,""
1491,||||||||,||||||,"",tf,0,""
1492,Yee |,Yee,"",tf,0,""
1493,aG|,aG,"",tf,0,""
1494,/DEV,DEV,"",tf,0,""
1495,;/,;,"",tf,0,""
1496,----,--,"",tf,0,""
1497,soldier/,soldier,"",tf,0,""
1498,Gamma\/,Gamma\,"",tf,0,""
1499,---,-,"",tf,0,""
1500,(Tetra),Tetra,"",tf,0,""
1501,_!_,!_,"",tf,0,""
1502,(Cringe),Cringe,"",tf,0,""
1503,(Female),Female,"",tf,0,""
1504,[RU],RU,"",tf,0,""
1505,[ZdFB],ZdFB,"",tf,0,""
1506,|Kunai|,Kunai,"",tf,0,""
1507,[‚áÜ],‚áÜ,"",tf,0,""
1508,|RLC|,RLC,"",tf,0,""
1509,[ASS],ASS,"",tf,0,""
1510,_RaSSVeT_,RaSSVeT_,"",tf,0,""
1511,(MK.II),MK.II,"",tf,0,""
1512,[BoS's],BoS's,"",tf,0,""
1513,_SteFano_,SteFano_,"",tf,0,""
1514,[MLG],MLG,"",tf,0,""
1515,|TG|,TG,"",tf,0,""
1516,Woderp |,Woderp,"",tf,0,""
1517,_-_-_,-_-_,"",tf,0,""
1518,:::::,:,"",tf,0,""
1519,[30+],"30+","",tf,0,""
1520,... /,... ,"",tf,0,""
1521,(o.W.n),o.W.n,"",tf,0,""
1522,OrxLux/,OrxLux,"",tf,0,""
1523,[SjoQ],SjoQ,"",tf,0,""
1524,(GG),GG,"",tf,0,""
1525,(rael),rael,"",tf,0,""
1526,/youtube,youtube,"",tf,0,""
1527,kenjii|,kenjii,"",tf,0,""
1528,Carmel|,Carmel,"",tf,0,""
1529,[=X=],=X=,"",tf,0,""
1530,//Penumbr,Penumbr,"",tf,0,""
1531,/gabore,gabore,"",tf,0,""
1532,[TFM],TFM,"",tf,0,""
1533,/Viktor,Viktor,"",tf,0,""
1534,[ZxC],ZxC,"",tf,0,""
1535,(egrin),egrin,"",tf,0,""
1536,Loque /,Loque ,"",tf,0,""
1537,[LIME],LIME,"",tf,0,""
1538,Chase/,Chase,"",tf,0,""
1539,‚ôî|,‚ôî,"",tf,0,""
1540,(2a),"2a","",tf,0,""
1541,(CSC),CSC,"",tf,0,""
1542,[*],*,"",tf,0,""
1543,Norisa|,Norisa,"",tf,0,""
1544,QPL |,QPL,"",tf,0,""
1545,(I/me),I/me,"",tf,0,""
1546,(dolazi),dolazi,"",tf,0,""
1547,wepon |,wepon,"",tf,0,""
1548,Singu|,Singu,"",tf,0,""
1549,MONKEY |,MONKEY,"",tf,0,""
1550,(gam),gam,"",tf,0,""
1551,Holy |,Holy,"",tf,0,""
1552,(*^*),*^*,"",tf,0,""
1553,[VZLA],VZLA,"",tf,0,""
1554,( GFL ), GFL ,"",tf,0,""
1555,loolman/,loolman,"",tf,0,""
1556,(;),;,"",tf,0,""
1557,[SU],SU,"",tf,0,""
1558,[Rtf2],Rtf2,"",tf,0,""
1559,[‚ú†],‚ú†,"",tf,0,""
1560,"240km/","240km","",tf,0,""
1561,[LK],LK,"",tf,0,""
1562,rz-/,rz-,"",tf,0,""
1563,√ëeV/,√ëeV,"",tf,0,""
1564,[LKM818],LKM818,"",tf,0,""
1565,[√êK],√êK,"",tf,0,""
1566,[KR],KR,"",tf,0,""
1567,CARL|,CARL,"",tf,0,""
1568,{UK},UK,"",tf,0,""
1569,________,_______,"",tf,0,""
1570,[ikom],ikom,"",tf,0,""
1571,/Sa,Sa,"",tf,0,""
1572,ÂπΩ |,ÂπΩ,"",tf,0,""
1573,/USS,USS,"",tf,0,""
1574,(Oofey),Oofey,"",tf,0,""
1575,RO |,RO,"",tf,0,""
1576,{MGE},MGE,"",tf,0,""
1577,</,<,"",tf,0,""
1578,[TI],TI,"",tf,0,""
1579,/boo,boo,"",tf,0,""
1580,[x],x,"",tf,0,""
1581,{{G}},G,"",tf,0,""
1582,vac|,vac,"",tf,0,""
1583,ATL |,ATL,"",tf,0,""
1584,(She/It),She/It,"",tf,0,""
1585,Mr/,Mr,"",tf,0,""
1586,(og),og,"",tf,0,""
1587,KOICE |,KOICE,"",tf,0,""
1588,(2013),"2013","",tf,0,""
1589,(TABS),TABS,"",tf,0,""
1590,/her ‚ô•,her ‚ô•,"",tf,0,""
1591,generic/,generic,"",tf,0,""
1592,(o),o,"",tf,0,""
1593,(Kikko),Kikko,"",tf,0,""
1594,{AMG},AMG,"",tf,0,""
